FUNDO;DATA_MOVIMENTO;DATA_AQUISICAO;TIPO_MOVIMENTO;CONTRATO;CEDENTE;SACADO;VALOR_PAGO;NUMERO_PARCELA
FUNDO DE CONSIGNADO PRIVADO;12/05/2025;09/04/2025;0.PAGAMENTO ANTECIPADO;41267323;Up.p Sociedade de Emprestimo Entre Pessoas S.a;ELISA SANTOS;0,43;609868698252010000
FUNDO DE CONSIGNADO PRIVADO;12/05/2025;09/04/2025;0.PAGAMENTO ANTECIPADO;41267323;Up.p Sociedade de Emprestimo Entre Pessoas S.a;ELISA SANTOS;1,08;609868698252010000
FUNDO DE CONSIGNADO PRIVADO;12/05/2025;09/04/2025;0.PAGAMENTO ANTECIPADO;41267323;Up.p Sociedade de Emprestimo Entre Pessoas S.a;ELISA SANTOS;2,67;609868698252010000
FUNDO DE CONSIGNADO PRIVADO;12/05/2025;09/04/2025;0.PAGAMENTO ANTECIPADO;41267323;Up.p Sociedade de Emprestimo Entre Pessoas S.a;ELISA SANTOS;6,64;609868698252010000
FUNDO DE CONSIGNADO PRIVADO;12/05/2025;09/04/2025;0.PAGAMENTO ANTECIPADO;41267323;Up.p Sociedade de Emprestimo Entre Pessoas S.a;ELISA SANTOS;16,5;609868698252020000
FUNDO DE CONSIGNADO PRIVADO;12/05/2025;09/04/2025;0.PAGAMENTO ANTECIPADO;41267323;Up.p Sociedade de Emprestimo Entre Pessoas S.a;ELISA SANTOS;40,98;609868698252030000
FUNDO DE CONSIGNADO PRIVADO;12/05/2025;09/04/2025;0.PAGAMENTO ANTECIPADO;41267323;Up.p Sociedade de Emprestimo Entre Pessoas S.a;ELISA SANTOS;94,69;609868698252010000
FUNDO DE CONSIGNADO PRIVADO;12/05/2025;09/04/2025;0.PAGAMENTO ANTECIPADO;41267323;Up.p Sociedade de Emprestimo Entre Pessoas S.a;ELISA SANTOS;68;609868698252010000
FUNDO DE CONSIGNADO PRIVADO;12/05/2025;09/05/2025;PAGAmento Normal;236434644;Up.p Sociedade de Emprestimo Entre Pessoas S.a;VICENTE SOUZA;184,48;612811156128898000000
FUNDO DE CONSIGNADO PRIVADO;12/05/2025;09/05/2025;PAGAmento Normal;236434644;Up.p Sociedade de Emprestimo Entre Pessoas S.a;VICENTE SOUZA;165,05;612811156128898000000
FUNDO DE CONSIGNADO PRIVADO;12/05/2025;09/05/2025;PAGAmento Normal;236434644;Up.p Sociedade de Emprestimo Entre Pessoas S.a;VICENTE SOUZA;119,77;612811156128898000000
FUNDO DE CONSIGNADO PRIVADO;12/05/2025;09/05/2025;PAGAmento Normal;236434644;Up.p Sociedade de Emprestimo Entre Pessoas S.a;VICENTE SOUZA;134,08;612811156128898000000
FUNDO DE CONSIGNADO PRIVADO;12/05/2025;08/05/2025;PAGAmento Normal;236434644;Up.p Sociedade de Emprestimo Entre Pessoas S.a;VICENTE SOUZA;144,95;612610046126856000000
FUNDO DE CONSIGNADO PRIVADO;12/05/2025;08/05/2025;PAGAmento Normal;236434644;Up.p Sociedade de Emprestimo Entre Pessoas S.a;VICENTE SOUZA;184,29;612610046126856000000
FUNDO DE CONSIGNADO PRIVADO;12/05/2025;08/05/2025;PAGAmento Normal;236434644;Up.p Sociedade de Emprestimo Entre Pessoas S.a;VICENTE SOUZA;164,88;612610046126856000000
FUNDO DE CONSIGNADO PRIVADO;12/05/2025;08/05/2025;PAGAmento Normal;236434644;Up.p Sociedade de Emprestimo Entre Pessoas S.a;VICENTE SOUZA;119,65;612610046126856000000
FUNDO DE CONSIGNADO PRIVADO;12/05/2025;08/05/2025;PAGAmento Normal;236434644;Up.p Sociedade de Emprestimo Entre Pessoas S.a;VICENTE SOUZA;133,95;612610046126856000000
FUNDO DE CONSIGNADO PRIVADO;12/05/2025;09/05/2025;PAGAmento Normal;236434644;Up.p Sociedade de Emprestimo Entre Pessoas S.a;VICENTE SOUZA;145,09;612811156128898000000
FUNDO DE CONSIGNADO PRIVADO;12/05/2025;09/05/2025;PAGAmento Normal;236434644;Up.p Sociedade de Emprestimo Entre Pessoas S.a;VICENTE SOUZA;119,42;612811156128898000000
FUNDO DE CONSIGNADO PRIVADO;12/05/2025;09/05/2025;PAGAmento Normal;236434644;Up.p Sociedade de Emprestimo Entre Pessoas S.a;VICENTE SOUZA;85,62;612811156128898000000
FUNDO DE CONSIGNADO PRIVADO;12/05/2025;09/05/2025;PAGAmento Normal;236434644;Up.p Sociedade de Emprestimo Entre Pessoas S.a;VICENTE SOUZA;76,98;612811156128898000000
FUNDO DE CONSIGNADO PRIVADO;12/05/2025;09/05/2025;PAGAmento Normal;236434644;Up.p Sociedade de Emprestimo Entre Pessoas S.a;VICENTE SOUZA;44,64;612811156128898000000
FUNDO DE CONSIGNADO PRIVADO;12/05/2025;09/05/2025;PAGAmento Normal;236434644;Up.p Sociedade de Emprestimo Entre Pessoas S.a;VICENTE SOUZA;56,13;612811156128898000000
FUNDO DE CONSIGNADO PRIVADO;12/05/2025;08/05/2025;PAGAmento Normal;236434644;Up.p Sociedade de Emprestimo Entre Pessoas S.a;VICENTE SOUZA;119,29;612610046126856000000
FUNDO DE CONSIGNADO PRIVADO;12/05/2025;08/05/2025;PAGAmento Normal;236434644;Up.p Sociedade de Emprestimo Entre Pessoas S.a;VICENTE SOUZA;85,53;612610046126856000000
FUNDO DE CONSIGNADO PRIVADO;12/05/2025;08/05/2025;PAGAmento Normal;236434644;Up.p Sociedade de Emprestimo Entre Pessoas S.a;VICENTE SOUZA;76,9;612610046126856000000
FUNDO DE CONSIGNADO PRIVADO;12/05/2025;08/05/2025;PAGAmento Normal;236434644;Up.p Sociedade de Emprestimo Entre Pessoas S.a;VICENTE SOUZA;44,59;612610046126856000000
FUNDO DE CONSIGNADO PRIVADO;12/05/2025;08/05/2025;PAGAmento Normal;236434644;Up.p Sociedade de Emprestimo Entre Pessoas S.a;VICENTE SOUZA;56,07;612610046126856000000
FUNDO DE CONSIGNADO PRIVADO;12/05/2025;08/05/2025;PAGAmento Normal;241717369;Up.p Sociedade de Emprestimo Entre Pessoas S.a;DALILA SARAIVA;25,88;612710316127941000000
FUNDO DE CONSIGNADO PRIVADO;12/05/2025;08/05/2025;PAGAmento Normal;241717369;Up.p Sociedade de Emprestimo Entre Pessoas S.a;DALILA SARAIVA;43,37;612710316127941000000
FUNDO DE CONSIGNADO PRIVADO;12/05/2025;08/05/2025;PAGAmento Normal;241717369;Up.p Sociedade de Emprestimo Entre Pessoas S.a;DALILA SARAIVA;42,37;612710316127941000000
FUNDO DE CONSIGNADO PRIVADO;12/05/2025;08/05/2025;PAGAmento Normal;241717369;Up.p Sociedade de Emprestimo Entre Pessoas S.a;DALILA SARAIVA;15,44;612710316127941000000
FUNDO DE CONSIGNADO PRIVADO;12/05/2025;08/05/2025;PAGAmento Normal;241717369;Up.p Sociedade de Emprestimo Entre Pessoas S.a;DALILA SARAIVA;9,22;612710316127941000000
FUNDO DE CONSIGNADO PRIVADO;12/05/2025;08/05/2025;PAGAmento Normal;241717369;Up.p Sociedade de Emprestimo Entre Pessoas S.a;DALILA SARAIVA;7,32;612710316127941000000
FUNDO DE CONSIGNADO PRIVADO;12/05/2025;08/05/2025;PAGAmento Normal;241717369;Up.p Sociedade de Emprestimo Entre Pessoas S.a;DALILA SARAIVA;4,68;612710316127941000000
FUNDO DE CONSIGNADO PRIVADO;12/05/2025;08/05/2025;PAGAmento Normal;241717369;Up.p Sociedade de Emprestimo Entre Pessoas S.a;DALILA SARAIVA;2;612710316127941000000
FUNDO DE CONSIGNADO PRIVADO;12/05/2025;08/05/2025;PAGAmento Normal;241717369;Up.p Sociedade de Emprestimo Entre Pessoas S.a;DALILA SARAIVA;0,85;612710316127941000000
FUNDO DE CONSIGNADO PRIVADO;12/05/2025;08/05/2025;PAGAmento Normal;950183789;Up.p Sociedade de Emprestimo Entre Pessoas S.a;ISABELA MOREIRA;348,51;61271906127854000000
FUNDO DE CONSIGNADO PRIVADO;12/05/2025;08/05/2025;PAGAmento Normal;950183789;Up.p Sociedade de Emprestimo Entre Pessoas S.a;ISABELA MOREIRA;272,63;61271906127854000000
FUNDO DE CONSIGNADO PRIVADO;12/05/2025;08/05/2025;PAGAmento Normal;950183789;Up.p Sociedade de Emprestimo Entre Pessoas S.a;ISABELA MOREIRA;268,93;61271906127854000000
FUNDO DE CONSIGNADO PRIVADO;12/05/2025;08/05/2025;PAGAmento Normal;950183789;Up.p Sociedade de Emprestimo Entre Pessoas S.a;ISABELA MOREIRA;360,02;61271906127854000000
FUNDO DE CONSIGNADO PRIVADO;12/05/2025;08/05/2025;PAGAmento Normal;950183789;Up.p Sociedade de Emprestimo Entre Pessoas S.a;ISABELA MOREIRA;317,67;61271906127854000000
FUNDO DE CONSIGNADO PRIVADO;12/05/2025;08/05/2025;PAGAmento Normal;950183789;Up.p Sociedade de Emprestimo Entre Pessoas S.a;ISABELA MOREIRA;265,97;61271906127854000000
FUNDO DE CONSIGNADO PRIVADO;12/05/2025;08/05/2025;PAGAmento Normal;950183789;Up.p Sociedade de Emprestimo Entre Pessoas S.a;ISABELA MOREIRA;203,19;61271906127854000000
FUNDO DE CONSIGNADO PRIVADO;12/05/2025;08/05/2025;PAGAmento Normal;950183789;Up.p Sociedade de Emprestimo Entre Pessoas S.a;ISABELA MOREIRA;176,49;61271906127854000000
FUNDO DE CONSIGNADO PRIVADO;12/05/2025;08/05/2025;PAGAmento Normal;950183789;Up.p Sociedade de Emprestimo Entre Pessoas S.a;ISABELA MOREIRA;104,35;61271906127854000000
FUNDO DE CONSIGNADO PRIVADO;12/05/2025;08/05/2025;PAGAmento Normal;950183789;Up.p Sociedade de Emprestimo Entre Pessoas S.a;ISABELA MOREIRA;163,8;61271906127854000000
FUNDO DE CONSIGNADO PRIVADO;12/05/2025;09/05/2025;PAGAmento Normal;208930370;Up.p Sociedade de Emprestimo Entre Pessoas S.a;SARA MELO;5,15;61289346128773000000
FUNDO DE CONSIGNADO PRIVADO;12/05/2025;09/05/2025;PAGAmento Normal;208930370;Up.p Sociedade de Emprestimo Entre Pessoas S.a;SARA MELO;3,87;61289346128773000000
FUNDO DE CONSIGNADO PRIVADO;12/05/2025;09/05/2025;PAGAmento Normal;208930370;Up.p Sociedade de Emprestimo Entre Pessoas S.a;SARA MELO;2,34;61289346128773000000
FUNDO DE CONSIGNADO PRIVADO;12/05/2025;09/05/2025;PAGAmento Normal;208930370;Up.p Sociedade de Emprestimo Entre Pessoas S.a;SARA MELO;0,94;61289346128773000000
FUNDO DE CONSIGNADO PRIVADO;12/05/2025;09/05/2025;PAGAmento Normal;208930370;Up.p Sociedade de Emprestimo Entre Pessoas S.a;SARA MELO;0,38;61289346128773000000
FUNDO DE CONSIGNADO PRIVADO;12/05/2025;09/05/2025;PAGAmento Normal;208930370;Up.p Sociedade de Emprestimo Entre Pessoas S.a;SARA MELO;1,01;61289346128773000000
FUNDO DE CONSIGNADO PRIVADO;12/05/2025;09/05/2025;PAGAmento Normal;208930370;Up.p Sociedade de Emprestimo Entre Pessoas S.a;SARA MELO;9,15;61289346128773000000
FUNDO DE CONSIGNADO PRIVADO;12/05/2025;09/05/2025;PAGAmento Normal;208930370;Up.p Sociedade de Emprestimo Entre Pessoas S.a;SARA MELO;16,25;61289346128773000000
FUNDO DE CONSIGNADO PRIVADO;12/05/2025;09/05/2025;PAGAmento Normal;208930370;Up.p Sociedade de Emprestimo Entre Pessoas S.a;SARA MELO;28,85;61289346128773000000
FUNDO DE CONSIGNADO PRIVADO;12/05/2025;09/05/2025;PAGAmento Normal;208930370;Up.p Sociedade de Emprestimo Entre Pessoas S.a;SARA MELO;29,87;61289346128773000000
FUNDO DE CONSIGNADO PRIVADO;12/05/2025;09/05/2025;PAGAmento Normal;292559547;Up.p Sociedade de Emprestimo Entre Pessoas S.a;MURILO CARVALHO;36,85;612841612831010000
FUNDO DE CONSIGNADO PRIVADO;12/05/2025;09/05/2025;PAGAmento Normal;292559547;Up.p Sociedade de Emprestimo Entre Pessoas S.a;MURILO CARVALHO;65,31;612841612831010000
FUNDO DE CONSIGNADO PRIVADO;12/05/2025;09/05/2025;PAGAmento Normal;292559547;Up.p Sociedade de Emprestimo Entre Pessoas S.a;MURILO CARVALHO;1,26;612841612831010000
FUNDO DE CONSIGNADO PRIVADO;12/05/2025;09/05/2025;PAGAmento Normal;292559547;Up.p Sociedade de Emprestimo Entre Pessoas S.a;MURILO CARVALHO;3,63;612841612831010000
FUNDO DE CONSIGNADO PRIVADO;12/05/2025;09/05/2025;PAGAmento Normal;292559547;Up.p Sociedade de Emprestimo Entre Pessoas S.a;MURILO CARVALHO;5,46;612841612831020000
FUNDO DE CONSIGNADO PRIVADO;12/05/2025;09/05/2025;PAGAmento Normal;292559547;Up.p Sociedade de Emprestimo Entre Pessoas S.a;MURILO CARVALHO;6,79;612841612831030000
FUNDO DE CONSIGNADO PRIVADO;12/05/2025;09/05/2025;PAGAmento Normal;292559547;Up.p Sociedade de Emprestimo Entre Pessoas S.a;MURILO CARVALHO;16,9;612841612831010000
FUNDO DE CONSIGNADO PRIVADO;12/05/2025;09/05/2025;PAGAmento Normal;292559547;Up.p Sociedade de Emprestimo Entre Pessoas S.a;MURILO CARVALHO;0,89;612841612831010000
FUNDO DE CONSIGNADO PRIVADO;12/05/2025;09/05/2025;PAGAmento Normal;292559547;Up.p Sociedade de Emprestimo Entre Pessoas S.a;MURILO CARVALHO;0,36;612841612831010000
FUNDO DE CONSIGNADO PRIVADO;12/05/2025;09/05/2025;PAGAmento Normal;862958206;Up.p Sociedade de Emprestimo Entre Pessoas S.a;MURILO MOREIRA;1,01;612899612875021000
FUNDO DE CONSIGNADO PRIVADO;12/05/2025;09/05/2025;PAGAmento Normal;862958206;Up.p Sociedade de Emprestimo Entre Pessoas S.a;MURILO MOREIRA;2,52;612899612875031000
FUNDO DE CONSIGNADO PRIVADO;12/05/2025;09/05/2025;PAGAmento Normal;862958206;Up.p Sociedade de Emprestimo Entre Pessoas S.a;MURILO MOREIRA;6,27;612899612875011000
FUNDO DE CONSIGNADO PRIVADO;12/05/2025;09/05/2025;PAGAmento Normal;862958206;Up.p Sociedade de Emprestimo Entre Pessoas S.a;MURILO MOREIRA;15,59;612899612875011000
FUNDO DE CONSIGNADO PRIVADO;12/05/2025;09/05/2025;PAGAmento Normal;862958206;Up.p Sociedade de Emprestimo Entre Pessoas S.a;MURILO MOREIRA;33,46;612899612875011000
FUNDO DE CONSIGNADO PRIVADO;12/05/2025;08/05/2025;PAGAmento Normal;935165544;Up.p Sociedade de Emprestimo Entre Pessoas S.a;GAEL PEREIRA;72,82;612711106127901000000
FUNDO DE CONSIGNADO PRIVADO;12/05/2025;08/05/2025;PAGAmento Normal;935165544;Up.p Sociedade de Emprestimo Entre Pessoas S.a;GAEL PEREIRA;100,25;612711106127901000000
FUNDO DE CONSIGNADO PRIVADO;12/05/2025;08/05/2025;PAGAmento Normal;935165544;Up.p Sociedade de Emprestimo Entre Pessoas S.a;GAEL PEREIRA;86,86;612711106127901000000
FUNDO DE CONSIGNADO PRIVADO;12/05/2025;08/05/2025;PAGAmento Normal;935165544;Up.p Sociedade de Emprestimo Entre Pessoas S.a;GAEL PEREIRA;70,53;612711106127901000000
FUNDO DE CONSIGNADO PRIVADO;12/05/2025;08/05/2025;PAGAmento Normal;935165544;Up.p Sociedade de Emprestimo Entre Pessoas S.a;GAEL PEREIRA;48,22;612711106127901000000
FUNDO DE CONSIGNADO PRIVADO;12/05/2025;08/05/2025;PAGAmento Normal;935165544;Up.p Sociedade de Emprestimo Entre Pessoas S.a;GAEL PEREIRA;49,45;612711106127901000000
FUNDO DE CONSIGNADO PRIVADO;12/05/2025;08/05/2025;PAGAmento Normal;935165544;Up.p Sociedade de Emprestimo Entre Pessoas S.a;GAEL PEREIRA;29,56;612711106127901000000
FUNDO DE CONSIGNADO PRIVADO;12/05/2025;08/05/2025;PAGAmento Normal;935165544;Up.p Sociedade de Emprestimo Entre Pessoas S.a;GAEL PEREIRA;17,69;612711106127901000000
FUNDO DE CONSIGNADO PRIVADO;12/05/2025;08/05/2025;PAGAmento Normal;935165544;Up.p Sociedade de Emprestimo Entre Pessoas S.a;GAEL PEREIRA;10,58;612711106127901000000
FUNDO DE CONSIGNADO PRIVADO;12/05/2025;08/05/2025;PAGAmento Normal;935165544;Up.p Sociedade de Emprestimo Entre Pessoas S.a;GAEL PEREIRA;65,07;612711106127901000000
FUNDO DE CONSIGNADO PRIVADO;12/05/2025;09/05/2025;PAGAmento Normal;425652567;Up.p Sociedade de Emprestimo Entre Pessoas S.a;SRTA. LARISSA OLIVEIRA;1,79;6127506128487020000
FUNDO DE CONSIGNADO PRIVADO;12/05/2025;09/05/2025;PAGAmento Normal;425652567;Up.p Sociedade de Emprestimo Entre Pessoas S.a;SRTA. LARISSA OLIVEIRA;0,75;6127506128487020000
FUNDO DE CONSIGNADO PRIVADO;12/05/2025;09/05/2025;PAGAmento Normal;425652567;Up.p Sociedade de Emprestimo Entre Pessoas S.a;SRTA. LARISSA OLIVEIRA;4,29;6127506128487020000
FUNDO DE CONSIGNADO PRIVADO;12/05/2025;09/05/2025;PAGAmento Normal;425652567;Up.p Sociedade de Emprestimo Entre Pessoas S.a;SRTA. LARISSA OLIVEIRA;10,25;6127506128487020000
FUNDO DE CONSIGNADO PRIVADO;12/05/2025;09/05/2025;PAGAmento Normal;425652567;Up.p Sociedade de Emprestimo Entre Pessoas S.a;SRTA. LARISSA OLIVEIRA;24,55;6127506128487030000
FUNDO DE CONSIGNADO PRIVADO;12/05/2025;09/05/2025;PAGAmento Normal;425652567;Up.p Sociedade de Emprestimo Entre Pessoas S.a;SRTA. LARISSA OLIVEIRA;58,76;6127506128487040000
FUNDO DE CONSIGNADO PRIVADO;12/05/2025;09/05/2025;PAGAmento Normal;775763656;Up.p Sociedade de Emprestimo Entre Pessoas S.a;DRA. LUIZA MACEDO;23,06;61289166128746000000
FUNDO DE CONSIGNADO PRIVADO;12/05/2025;09/05/2025;PAGAmento Normal;775763656;Up.p Sociedade de Emprestimo Entre Pessoas S.a;DRA. LUIZA MACEDO;39,21;61289166128746000000
FUNDO DE CONSIGNADO PRIVADO;12/05/2025;09/05/2025;PAGAmento Normal;775763656;Up.p Sociedade de Emprestimo Entre Pessoas S.a;DRA. LUIZA MACEDO;66,81;61289166128746000000
FUNDO DE CONSIGNADO PRIVADO;12/05/2025;09/05/2025;PAGAmento Normal;775763656;Up.p Sociedade de Emprestimo Entre Pessoas S.a;DRA. LUIZA MACEDO;66,72;61289166128746000000
FUNDO DE CONSIGNADO PRIVADO;12/05/2025;09/05/2025;PAGAmento Normal;775763656;Up.p Sociedade de Emprestimo Entre Pessoas S.a;DRA. LUIZA MACEDO;99,6;61289166128746000000
FUNDO DE CONSIGNADO PRIVADO;12/05/2025;09/05/2025;PAGAmento Normal;775763656;Up.p Sociedade de Emprestimo Entre Pessoas S.a;DRA. LUIZA MACEDO;18;61289166128746000000
FUNDO DE CONSIGNADO PRIVADO;12/05/2025;09/05/2025;PAGAmento Normal;775763656;Up.p Sociedade de Emprestimo Entre Pessoas S.a;DRA. LUIZA MACEDO;10,16;61289166128746000000
FUNDO DE CONSIGNADO PRIVADO;12/05/2025;09/05/2025;PAGAmento Normal;775763656;Up.p Sociedade de Emprestimo Entre Pessoas S.a;DRA. LUIZA MACEDO;5,38;61289166128746000000
FUNDO DE CONSIGNADO PRIVADO;12/05/2025;09/05/2025;PAGAmento Normal;775763656;Up.p Sociedade de Emprestimo Entre Pessoas S.a;DRA. LUIZA MACEDO;2,35;61289166128746000000
FUNDO DE CONSIGNADO PRIVADO;12/05/2025;09/05/2025;PAGAmento Normal;775763656;Up.p Sociedade de Emprestimo Entre Pessoas S.a;DRA. LUIZA MACEDO;1,08;61289166128746000000
FUNDO DE CONSIGNADO PRIVADO;12/05/2025;08/05/2025;PAGAmento Normal;773627817;Up.p Sociedade de Emprestimo Entre Pessoas S.a;LUIZA MACEDO;7,6;61278266127845000000
FUNDO DE CONSIGNADO PRIVADO;12/05/2025;08/05/2025;PAGAmento Normal;773627817;Up.p Sociedade de Emprestimo Entre Pessoas S.a;LUIZA MACEDO;3,16;61278266127845000000
FUNDO DE CONSIGNADO PRIVADO;12/05/2025;08/05/2025;PAGAmento Normal;773627817;Up.p Sociedade de Emprestimo Entre Pessoas S.a;LUIZA MACEDO;1,32;61278266127845000000
FUNDO DE CONSIGNADO PRIVADO;12/05/2025;08/05/2025;PAGAmento Normal;773627817;Up.p Sociedade de Emprestimo Entre Pessoas S.a;LUIZA MACEDO;105,47;61278266127845000000
FUNDO DE CONSIGNADO PRIVADO;12/05/2025;08/05/2025;PAGAmento Normal;773627817;Up.p Sociedade de Emprestimo Entre Pessoas S.a;LUIZA MACEDO;221,04;61278266127845000000
FUNDO DE CONSIGNADO PRIVADO;12/05/2025;08/05/2025;PAGAmento Normal;773627817;Up.p Sociedade de Emprestimo Entre Pessoas S.a;LUIZA MACEDO;405,02;61278266127845000000
FUNDO DE CONSIGNADO PRIVADO;12/05/2025;08/05/2025;PAGAmento Normal;773627817;Up.p Sociedade de Emprestimo Entre Pessoas S.a;LUIZA MACEDO;695,16;61278266127845000000
FUNDO DE CONSIGNADO PRIVADO;12/05/2025;08/05/2025;PAGAmento Normal;773627817;Up.p Sociedade de Emprestimo Entre Pessoas S.a;LUIZA MACEDO;0,55;61278266127845000000
FUNDO DE CONSIGNADO PRIVADO;12/05/2025;08/05/2025;PAGAmento Normal;773627817;Up.p Sociedade de Emprestimo Entre Pessoas S.a;LUIZA MACEDO;18,26;61278266127845000000
FUNDO DE CONSIGNADO PRIVADO;12/05/2025;08/05/2025;PAGAmento Normal;773627817;Up.p Sociedade de Emprestimo Entre Pessoas S.a;LUIZA MACEDO;43,85;61278266127845000000
FUNDO DE CONSIGNADO PRIVADO;12/05/2025;08/05/2025;PAGAmento Normal;988921913;Up.p Sociedade de Emprestimo Entre Pessoas S.a;JOÃO PEDRO FRANCO;9,94;61276996127585000000
FUNDO DE CONSIGNADO PRIVADO;12/05/2025;08/05/2025;PAGAmento Normal;988921913;Up.p Sociedade de Emprestimo Entre Pessoas S.a;JOÃO PEDRO FRANCO;4;61276996127585000000
FUNDO DE CONSIGNADO PRIVADO;12/05/2025;08/05/2025;PAGAmento Normal;988921913;Up.p Sociedade de Emprestimo Entre Pessoas S.a;JOÃO PEDRO FRANCO;1,61;61276996127585000000
FUNDO DE CONSIGNADO PRIVADO;12/05/2025;08/05/2025;PAGAmento Normal;988921913;Up.p Sociedade de Emprestimo Entre Pessoas S.a;JOÃO PEDRO FRANCO;0,65;61276996127585000000
FUNDO DE CONSIGNADO PRIVADO;12/05/2025;08/05/2025;PAGAmento Normal;988921913;Up.p Sociedade de Emprestimo Entre Pessoas S.a;JOÃO PEDRO FRANCO;0,41;61276996127585000000
FUNDO DE CONSIGNADO PRIVADO;12/05/2025;08/05/2025;PAGAmento Normal;988921913;Up.p Sociedade de Emprestimo Entre Pessoas S.a;JOÃO PEDRO FRANCO;13,12;61276996127585000000
FUNDO DE CONSIGNADO PRIVADO;12/05/2025;08/05/2025;PAGAmento Normal;988921913;Up.p Sociedade de Emprestimo Entre Pessoas S.a;JOÃO PEDRO FRANCO;21,73;61276996127585000000
FUNDO DE CONSIGNADO PRIVADO;12/05/2025;08/05/2025;PAGAmento Normal;988921913;Up.p Sociedade de Emprestimo Entre Pessoas S.a;JOÃO PEDRO FRANCO;37,59;61276996127585000000
FUNDO DE CONSIGNADO PRIVADO;12/05/2025;09/05/2025;PAGAmento Normal;107528935;Up.p Sociedade de Emprestimo Entre Pessoas S.a;ÍGOR REIS;9,59;61282706128195000000
FUNDO DE CONSIGNADO PRIVADO;12/05/2025;09/05/2025;PAGAmento Normal;107528935;Up.p Sociedade de Emprestimo Entre Pessoas S.a;ÍGOR REIS;7,2;61282706128195000000
FUNDO DE CONSIGNADO PRIVADO;12/05/2025;09/05/2025;PAGAmento Normal;107528935;Up.p Sociedade de Emprestimo Entre Pessoas S.a;ÍGOR REIS;4,35;61282706128195000000
FUNDO DE CONSIGNADO PRIVADO;12/05/2025;09/05/2025;PAGAmento Normal;107528935;Up.p Sociedade de Emprestimo Entre Pessoas S.a;ÍGOR REIS;1,75;61282706128195000000
FUNDO DE CONSIGNADO PRIVADO;12/05/2025;09/05/2025;PAGAmento Normal;107528935;Up.p Sociedade de Emprestimo Entre Pessoas S.a;ÍGOR REIS;0,7;61282706128195000000
FUNDO DE CONSIGNADO PRIVADO;12/05/2025;09/05/2025;PAGAmento Normal;107528935;Up.p Sociedade de Emprestimo Entre Pessoas S.a;ÍGOR REIS;0,28;61282706128195000000
FUNDO DE CONSIGNADO PRIVADO;12/05/2025;09/05/2025;PAGAmento Normal;107528935;Up.p Sociedade de Emprestimo Entre Pessoas S.a;ÍGOR REIS;17,02;61282706128195000000
FUNDO DE CONSIGNADO PRIVADO;12/05/2025;09/05/2025;PAGAmento Normal;107528935;Up.p Sociedade de Emprestimo Entre Pessoas S.a;ÍGOR REIS;30,22;61282706128195000000
FUNDO DE CONSIGNADO PRIVADO;12/05/2025;09/05/2025;PAGAmento Normal;107528935;Up.p Sociedade de Emprestimo Entre Pessoas S.a;ÍGOR REIS;53,67;61282706128195000000
FUNDO DE CONSIGNADO PRIVADO;12/05/2025;09/05/2025;PAGAmento Normal;107528935;Up.p Sociedade de Emprestimo Entre Pessoas S.a;ÍGOR REIS;55,54;61282706128195000000
FUNDO DE CONSIGNADO PRIVADO;12/05/2025;09/05/2025;PAGAmento Normal;405733943;Up.p Sociedade de Emprestimo Entre Pessoas S.a;YURI NOGUEIRA;0,88;6128736128826030000
FUNDO DE CONSIGNADO PRIVADO;12/05/2025;09/05/2025;PAGAmento Normal;405733943;Up.p Sociedade de Emprestimo Entre Pessoas S.a;YURI NOGUEIRA;28,02;6128736128826030000
FUNDO DE CONSIGNADO PRIVADO;12/05/2025;09/05/2025;PAGAmento Normal;405733943;Up.p Sociedade de Emprestimo Entre Pessoas S.a;YURI NOGUEIRA;35,91;6128736128826040000
FUNDO DE CONSIGNADO PRIVADO;12/05/2025;09/05/2025;PAGAmento Normal;405733943;Up.p Sociedade de Emprestimo Entre Pessoas S.a;YURI NOGUEIRA;0,57;6128736128826020000
FUNDO DE CONSIGNADO PRIVADO;12/05/2025;09/05/2025;PAGAmento Normal;405733943;Up.p Sociedade de Emprestimo Entre Pessoas S.a;YURI NOGUEIRA;1,36;6128736128826020000
FUNDO DE CONSIGNADO PRIVADO;12/05/2025;09/05/2025;PAGAmento Normal;405733943;Up.p Sociedade de Emprestimo Entre Pessoas S.a;YURI NOGUEIRA;2,89;6128736128826020000
FUNDO DE CONSIGNADO PRIVADO;12/05/2025;09/05/2025;PAGAmento Normal;405733943;Up.p Sociedade de Emprestimo Entre Pessoas S.a;YURI NOGUEIRA;5,06;6128736128826020000
FUNDO DE CONSIGNADO PRIVADO;12/05/2025;09/05/2025;PAGAmento Normal;405733943;Up.p Sociedade de Emprestimo Entre Pessoas S.a;YURI NOGUEIRA;7,33;6128736128826020000
FUNDO DE CONSIGNADO PRIVADO;12/05/2025;09/05/2025;PAGAmento Normal;405733943;Up.p Sociedade de Emprestimo Entre Pessoas S.a;YURI NOGUEIRA;17,56;6128736128826020000
FUNDO DE CONSIGNADO PRIVADO;12/05/2025;09/05/2025;PAGAmento Normal;989492836;Up.p Sociedade de Emprestimo Entre Pessoas S.a;ANA LUIZA MOREIRA;49,89;61286526128541000000
FUNDO DE CONSIGNADO PRIVADO;12/05/2025;09/05/2025;PAGAmento Normal;989492836;Up.p Sociedade de Emprestimo Entre Pessoas S.a;ANA LUIZA MOREIRA;73,47;61286526128541000000
FUNDO DE CONSIGNADO PRIVADO;12/05/2025;09/05/2025;PAGAmento Normal;989492836;Up.p Sociedade de Emprestimo Entre Pessoas S.a;ANA LUIZA MOREIRA;105,96;61286526128541000000
FUNDO DE CONSIGNADO PRIVADO;12/05/2025;09/05/2025;PAGAmento Normal;989492836;Up.p Sociedade de Emprestimo Entre Pessoas S.a;ANA LUIZA MOREIRA;177,14;61286526128541000000
FUNDO DE CONSIGNADO PRIVADO;12/05/2025;09/05/2025;PAGAmento Normal;989492836;Up.p Sociedade de Emprestimo Entre Pessoas S.a;ANA LUIZA MOREIRA;296;61286526128541000000
FUNDO DE CONSIGNADO PRIVADO;12/05/2025;09/05/2025;PAGAmento Normal;989492836;Up.p Sociedade de Emprestimo Entre Pessoas S.a;ANA LUIZA MOREIRA;28,95;61286526128541000000
FUNDO DE CONSIGNADO PRIVADO;12/05/2025;09/05/2025;PAGAmento Normal;989492836;Up.p Sociedade de Emprestimo Entre Pessoas S.a;ANA LUIZA MOREIRA;19,26;61286526128541000000
FUNDO DE CONSIGNADO PRIVADO;12/05/2025;09/05/2025;PAGAmento Normal;989492836;Up.p Sociedade de Emprestimo Entre Pessoas S.a;ANA LUIZA MOREIRA;8,77;61286526128541000000
FUNDO DE CONSIGNADO PRIVADO;12/05/2025;09/05/2025;PAGAmento Normal;989492836;Up.p Sociedade de Emprestimo Entre Pessoas S.a;ANA LUIZA MOREIRA;3,75;61286526128541000000
FUNDO DE CONSIGNADO PRIVADO;12/05/2025;09/05/2025;PAGAmento Normal;989492836;Up.p Sociedade de Emprestimo Entre Pessoas S.a;ANA LUIZA MOREIRA;2,28;61286526128541000000
FUNDO DE CONSIGNADO PRIVADO;12/05/2025;08/05/2025;PAGAmento Normal;855413363;Up.p Sociedade de Emprestimo Entre Pessoas S.a;LUCCA MARTINS;11,1;612792612770020000
FUNDO DE CONSIGNADO PRIVADO;12/05/2025;08/05/2025;PAGAmento Normal;855413363;Up.p Sociedade de Emprestimo Entre Pessoas S.a;LUCCA MARTINS;4,64;612792612770020000
FUNDO DE CONSIGNADO PRIVADO;12/05/2025;08/05/2025;PAGAmento Normal;855413363;Up.p Sociedade de Emprestimo Entre Pessoas S.a;LUCCA MARTINS;5,81;612792612770030000
FUNDO DE CONSIGNADO PRIVADO;12/05/2025;08/05/2025;PAGAmento Normal;855413363;Up.p Sociedade de Emprestimo Entre Pessoas S.a;LUCCA MARTINS;3,12;612792612770020000
FUNDO DE CONSIGNADO PRIVADO;12/05/2025;08/05/2025;PAGAmento Normal;855413363;Up.p Sociedade de Emprestimo Entre Pessoas S.a;LUCCA MARTINS;1,3;612792612770020000
FUNDO DE CONSIGNADO PRIVADO;12/05/2025;08/05/2025;PAGAmento Normal;855413363;Up.p Sociedade de Emprestimo Entre Pessoas S.a;LUCCA MARTINS;26,59;612792612770020000
FUNDO DE CONSIGNADO PRIVADO;12/05/2025;08/05/2025;PAGAmento Normal;855413363;Up.p Sociedade de Emprestimo Entre Pessoas S.a;LUCCA MARTINS;42,44;612792612770020000
FUNDO DE CONSIGNADO PRIVADO;12/05/2025;08/05/2025;PAGAmento Normal;855413363;Up.p Sociedade de Emprestimo Entre Pessoas S.a;LUCCA MARTINS;54,44;612792612770030000
FUNDO DE CONSIGNADO PRIVADO;12/05/2025;08/05/2025;PAGAmento Normal;855413363;Up.p Sociedade de Emprestimo Entre Pessoas S.a;LUCCA MARTINS;93,05;612792612770040000
FUNDO DE CONSIGNADO PRIVADO;12/05/2025;08/05/2025;PAGAmento Normal;855413363;Up.p Sociedade de Emprestimo Entre Pessoas S.a;LUCCA MARTINS;159,3;612792612770020000
FUNDO DE CONSIGNADO PRIVADO;12/05/2025;09/05/2025;PAGAmento Normal;296885259;Up.p Sociedade de Emprestimo Entre Pessoas S.a;CARLA PEREIRA;122,45;6127127861284030000
FUNDO DE CONSIGNADO PRIVADO;12/05/2025;09/05/2025;PAGAmento Normal;296885259;Up.p Sociedade de Emprestimo Entre Pessoas S.a;CARLA PEREIRA;95,9;6127127861284030000
FUNDO DE CONSIGNADO PRIVADO;12/05/2025;09/05/2025;PAGAmento Normal;296885259;Up.p Sociedade de Emprestimo Entre Pessoas S.a;CARLA PEREIRA;75,18;6127127861284010000
FUNDO DE CONSIGNADO PRIVADO;12/05/2025;09/05/2025;PAGAmento Normal;296885259;Up.p Sociedade de Emprestimo Entre Pessoas S.a;CARLA PEREIRA;117,7;6127127861284010000
FUNDO DE CONSIGNADO PRIVADO;12/05/2025;09/05/2025;PAGAmento Normal;296885259;Up.p Sociedade de Emprestimo Entre Pessoas S.a;CARLA PEREIRA;130,99;6127127861284010000
FUNDO DE CONSIGNADO PRIVADO;12/05/2025;09/05/2025;PAGAmento Normal;296885259;Up.p Sociedade de Emprestimo Entre Pessoas S.a;CARLA PEREIRA;97,56;6127127861284010000
FUNDO DE CONSIGNADO PRIVADO;12/05/2025;09/05/2025;PAGAmento Normal;296885259;Up.p Sociedade de Emprestimo Entre Pessoas S.a;CARLA PEREIRA;84,71;6127127861284030000
FUNDO DE CONSIGNADO PRIVADO;12/05/2025;09/05/2025;PAGAmento Normal;296885259;Up.p Sociedade de Emprestimo Entre Pessoas S.a;CARLA PEREIRA;55,9;6127127861284010000
FUNDO DE CONSIGNADO PRIVADO;12/05/2025;09/05/2025;PAGAmento Normal;296885259;Up.p Sociedade de Emprestimo Entre Pessoas S.a;CARLA PEREIRA;55,3;6127127861284010000
FUNDO DE CONSIGNADO PRIVADO;12/05/2025;09/05/2025;PAGAmento Normal;296885259;Up.p Sociedade de Emprestimo Entre Pessoas S.a;CARLA PEREIRA;31,91;6127127861284010000
FUNDO DE CONSIGNADO PRIVADO;12/05/2025;08/05/2025;PAGAmento Normal;86222022;Up.p Sociedade de Emprestimo Entre Pessoas S.a;BENÍCIO MACEDO;9,12;612610556126900000000
FUNDO DE CONSIGNADO PRIVADO;12/05/2025;08/05/2025;PAGAmento Normal;86222022;Up.p Sociedade de Emprestimo Entre Pessoas S.a;BENÍCIO MACEDO;15,31;612610556126900000000
FUNDO DE CONSIGNADO PRIVADO;12/05/2025;08/05/2025;PAGAmento Normal;86222022;Up.p Sociedade de Emprestimo Entre Pessoas S.a;BENÍCIO MACEDO;25,68;612610556126900000000
FUNDO DE CONSIGNADO PRIVADO;12/05/2025;08/05/2025;PAGAmento Normal;86222022;Up.p Sociedade de Emprestimo Entre Pessoas S.a;BENÍCIO MACEDO;37,29;612610556126900000000
FUNDO DE CONSIGNADO PRIVADO;12/05/2025;08/05/2025;PAGAmento Normal;86222022;Up.p Sociedade de Emprestimo Entre Pessoas S.a;BENÍCIO MACEDO;7,25;612610556126900000000
FUNDO DE CONSIGNADO PRIVADO;12/05/2025;08/05/2025;PAGAmento Normal;86222022;Up.p Sociedade de Emprestimo Entre Pessoas S.a;BENÍCIO MACEDO;4,63;612610556126900000000
FUNDO DE CONSIGNADO PRIVADO;12/05/2025;08/05/2025;PAGAmento Normal;86222022;Up.p Sociedade de Emprestimo Entre Pessoas S.a;BENÍCIO MACEDO;1,97;612610556126900000000
FUNDO DE CONSIGNADO PRIVADO;12/05/2025;08/05/2025;PAGAmento Normal;86222022;Up.p Sociedade de Emprestimo Entre Pessoas S.a;BENÍCIO MACEDO;0,84;612610556126900000000
FUNDO DE CONSIGNADO PRIVADO;12/05/2025;08/05/2025;PAGAmento Normal;86222022;Up.p Sociedade de Emprestimo Entre Pessoas S.a;BENÍCIO MACEDO;0,7;612610556126900000000
